INSERT INTO book (isbn, title, author, publisher, attachment, group_name)
	VALUES (1, 'And red galoshes', 'by Glenda Millard  illustrated by Jonathan Bentley', 'Little Hare Books', NULL, 'A');
INSERT INTO bookList (wearing_day, publication_day, isbn, whether)
	VALUES (STR_TO_DATE('2018-03-16', '%Y-%m-%d'),STR_TO_DATE('2018-03-16', '%Y-%m-%d'),1, true);
	
INSERT INTO book (isbn, title, author, publisher, attachment, group_name)
	VALUES (2, 'Big bad baby', 'by Bruce Hale  illustrated by Steve Breen', 'Dial Books for Young Readers', NULL, 'C');
INSERT INTO bookList (wearing_day, publication_day, isbn, whether)
	VALUES (STR_TO_DATE('2018-03-16', '%Y-%m-%d'),STR_TO_DATE('2018-03-16', '%Y-%m-%d'),2, true);
	
INSERT INTO book (isbn, title, author, publisher, attachment, group_name)
	VALUES (3, 'Chocolate island', 'by Karen Dolby illustrated by Caroline Church', 'Usborne', NULL, 'A');
INSERT INTO bookList (wearing_day, publication_day, isbn, whether)
	VALUES (STR_TO_DATE('2018-03-16', '%Y-%m-%d'),STR_TO_DATE('2018-03-16', '%Y-%m-%d'),3, true);

INSERT INTO book (isbn, title, author, publisher, attachment, group_name)
	VALUES (4, 'Why?', 'by Tracey Corderoy  illustrated by Tim Warnes', 'Little Tiger Press', NULL, 'A');
INSERT INTO bookList (wearing_day, publication_day, isbn, whether)
	VALUES (STR_TO_DATE('2018-03-16', '%Y-%m-%d'),STR_TO_DATE('2018-03-16', '%Y-%m-%d'),4, true);

INSERT INTO book (isbn, title, author, publisher, attachment, group_name)
	VALUES (5, '인간이라는 직업  : 고통에 대한 숙고', '알렉상드르 졸리앵 지음   임희근 옮김', '문학동네', NULL, 'A');
INSERT INTO bookList (wearing_day, publication_day, isbn, whether)
	VALUES (STR_TO_DATE('2018-03-16', '%Y-%m-%d'),STR_TO_DATE('2018-03-16', '%Y-%m-%d'),5, true);
	
INSERT INTO book (isbn, title, author, publisher, attachment, group_name)
	VALUES (6, '신발이 열리는 나무', '박혜선 글  김정선 그림', '크레용하우스', NULL, 'C');
INSERT INTO bookList (wearing_day, publication_day, isbn, whether)
	VALUES (STR_TO_DATE('2018-03-16', '%Y-%m-%d'),STR_TO_DATE('2018-03-16', '%Y-%m-%d'),6, true);	
INSERT INTO bookList (wearing_day, publication_day, isbn, whether)
	VALUES (STR_TO_DATE('2018-03-16', '%Y-%m-%d'),STR_TO_DATE('2018-03-16', '%Y-%m-%d'),6, true);
INSERT INTO bookList (wearing_day, publication_day, isbn, whether)
	VALUES (STR_TO_DATE('2018-03-16', '%Y-%m-%d'),STR_TO_DATE('2018-03-16', '%Y-%m-%d'),6, true);	
	
INSERT INTO book (isbn, title, author, publisher, attachment, group_name)
	VALUES (7, '어서와 연애는 처음이지', '장해정 지음', '예담', NULL, 'A');
INSERT INTO bookList (wearing_day, publication_day, isbn, whether)
	VALUES (STR_TO_DATE('2018-03-16', '%Y-%m-%d'),STR_TO_DATE('2018-03-16', '%Y-%m-%d'),7, true);
INSERT INTO bookList (wearing_day, publication_day, isbn, whether)
	VALUES (STR_TO_DATE('2018-03-16', '%Y-%m-%d'),STR_TO_DATE('2018-03-16', '%Y-%m-%d'),7, true);

INSERT INTO book (isbn, title, author, publisher, attachment, group_name)
	VALUES (8, '다산 산문선  : 정약용이 들려주는 세상 이야기', '정약용 원작   전민희 새로엮음  ;  노성빈 그림', '교원', NULL, 'C');
INSERT INTO bookList (wearing_day, publication_day, isbn, whether)
	VALUES (STR_TO_DATE('2018-03-16', '%Y-%m-%d'),STR_TO_DATE('2018-03-16', '%Y-%m-%d'),8, true);
	
INSERT INTO book (isbn, title, author, publisher, attachment, group_name)
	VALUES (9, '매화, 그향기를 팔지아니하고', '신동만 지음', '이지컴북스', NULL, 'A');
INSERT INTO bookList (wearing_day, publication_day, isbn, whether)
	VALUES (STR_TO_DATE('2018-03-16', '%Y-%m-%d'),STR_TO_DATE('2018-03-16', '%Y-%m-%d'),9, true);
	
INSERT INTO book (isbn, title, author, publisher, attachment, group_name)
	VALUES (10, '허영만 이토록 맛있는 일본이라면 : 맛 좀 아는  식객의 침샘 자극 일본 여행기', '허영만, 이호준 [공]지음', '가디언', NULL, 'A');
INSERT INTO bookList (wearing_day, publication_day, isbn, whether)
	VALUES (STR_TO_DATE('2018-03-16', '%Y-%m-%d'),STR_TO_DATE('2018-03-16', '%Y-%m-%d'),10, true);

INSERT INTO book (isbn, title, author, publisher, attachment, group_name)
	VALUES (11, '아기코끼리 휴고', '나디아 게라르디 글  세실리아 마카뇨 그림', '교원', NULL, 'C');
INSERT INTO bookList (wearing_day, publication_day, isbn, whether)
	VALUES (STR_TO_DATE('2018-03-16', '%Y-%m-%d'),STR_TO_DATE('2018-03-16', '%Y-%m-%d'),11, true);	
	
INSERT INTO book (isbn, title, author, publisher, attachment, group_name)
	VALUES (12, '더 클래식 = (The)classic. 하나, 바흐에서 베토벤까지', '문학수 지음', '돌베개', NULL, 'A');
INSERT INTO bookList (wearing_day, publication_day, isbn, whether)
	VALUES (STR_TO_DATE('2018-03-16', '%Y-%m-%d'),STR_TO_DATE('2018-03-16', '%Y-%m-%d'),12, true);
INSERT INTO bookList (wearing_day, publication_day, isbn, whether)
	VALUES (STR_TO_DATE('2018-03-16', '%Y-%m-%d'),STR_TO_DATE('2018-03-16', '%Y-%m-%d'),12, true);
	
INSERT INTO book (isbn, title, author, publisher, attachment, group_name)
	VALUES (15, 'summer', '아무개', '문학동네', NULL, 'O');
INSERT INTO audioList (wearing_day, publication_day, isbn, file)
	VALUES (STR_TO_DATE('2018-03-16', '%Y-%m-%d'),STR_TO_DATE('2018-03-16', '%Y-%m-%d'), 15, 'audio/summer.mp3');
	
	
# 대출이 많은 책위해 지난달 대출 입력
INSERT INTO history (book_no, user_no, loan_date, return_date)
VALUES (1, 2, (NOW() - INTERVAL 1 MONTH), (NOW() - INTERVAL 14 DAY));
INSERT INTO history (book_no, user_no, loan_date, return_date)
VALUES (1, 3, (NOW() - INTERVAL 1 MONTH), (NOW() - INTERVAL 14 DAY));
INSERT INTO history (book_no, user_no, loan_date, return_date)
VALUES (1, 1, (NOW() - INTERVAL 1 MONTH), (NOW() - INTERVAL 14 DAY));
INSERT INTO history (book_no, user_no, loan_date, return_date)
VALUES (2, 2, (NOW() - INTERVAL 1 MONTH), (NOW() - INTERVAL 14 DAY));
INSERT INTO history (book_no, user_no, loan_date, return_date)
VALUES (3, 2, (NOW() - INTERVAL 1 MONTH), (NOW() - INTERVAL 14 DAY));
INSERT INTO history (book_no, user_no, loan_date, return_date)
VALUES (4, 2, (NOW() - INTERVAL 1 MONTH), (NOW() - INTERVAL 14 DAY));
INSERT INTO history (book_no, user_no, loan_date, return_date)
VALUES (5, 2, (NOW() - INTERVAL 1 MONTH), (NOW() - INTERVAL 14 DAY));
INSERT INTO history (book_no, user_no, loan_date, return_date)
VALUES (6, 2, (NOW() - INTERVAL 1 MONTH), (NOW() - INTERVAL 14 DAY));
INSERT INTO history (book_no, user_no, loan_date, return_date)
VALUES (3, 3, (NOW() - INTERVAL 1 MONTH), (NOW() - INTERVAL 14 DAY));
INSERT INTO history (book_no, user_no, loan_date, return_date)
VALUES (4, 3, (NOW() - INTERVAL 1 MONTH), (NOW() - INTERVAL 14 DAY));
INSERT INTO history (book_no, user_no, loan_date, return_date)
VALUES (5, 3, (NOW() - INTERVAL 1 MONTH), (NOW() - INTERVAL 14 DAY));
INSERT INTO history (book_no, user_no, loan_date, return_date)
VALUES (6, 3, (NOW() - INTERVAL 1 MONTH), (NOW() - INTERVAL 14 DAY));


	